Parent Agency No.,No.,Name,Address,City,State,Latitude,Longitude,,
D1001,D1001FP,ACTS of Vance County,201 S William St,Henderson,NC,36.32569,-78.403458,,
D1002,D1002GH,Alliance Rehabilitative Care - Men,1020 County Home Rd,Henderson,NC,36.3201881,-78.3946617,,
D1005,D1005FP,Alston Chapel United Holy,1832 Alston Chapel Rd,Pittsboro,NC,35.7088751,-79.2215055,,
D1006,D1006FP,Anathoth House,315 Dabney Dr,Henderson,NC,36.3221517,-78.4187021,,
D1008,D1008FP,Area Congregations in Ministry,634 Roxboro Rd,Oxford,NC,36.3240512,-78.6077973,,
D1009,D1009FP,Believers United for Progress,1306 Fayetteville St,Durham,NC,35.978597,-78.900195,,
D1011,D1011FP,Belton Creek Baptist Church,4153 Hwy 96 S,Oxford,NC,36.404618,-78.685721,,
D1013,D1013FP,Birchwood Learning Center,416 Walton St,Durham,NC,35.9812758,-78.846854,,
D1014,D1014AS,Boys and Girls Club of Greater,1010 Martin Luther Pkwy,Durham,NC,35.9503675,-78.9251945,,
D1015,D1015FP,ata,242 Baptist Church Rd,Henderson,NC,36.365653,-78.34409,,
D1018,D1018FP,Catholic Charities,2020 Chapel Hill Rd Ste 30,Durham,D1075,35.9631,-78.9315,,
D1019,D1019FP,Cedar Grove Mt. Zion AME,5124 Hwy 86 N,Hillsborough,NC,36.168526,-79.131059,,
D1020,D1020FP,Chatham Out-Reach Alliance,40 Camp Dr,Pittsboro,NC,35.7240783,-79.1863239,,
D1021,D1021FP,Christian Assembly Emergency,5516 N Roxboro Rd,Durham,NC,35.927259,-78.951652,,
D1022,D1022FP,Christian Faith Center,101 Peachtree St,Creedmoor,NC,36.117852,-78.677201,,
D1023,D1023FP,Christian Help Center,122 Depot St,Roxboro,NC,36.3939645,-78.9825006,,
D1025,D1025FP,Church of Philadelphia,1309 Jackson St,Durham,NC,35.9954352,-78.9202996,,
D1026,D1026FP,CIP,103 South Drivers St. ,Durham,NC,35.957366,-78.821694,,
D1029,D1029FP,Cotton Memorial,511 N Chestnut St,Henderson,NC,36.3321526,-78.3997148,,
D1030,D1030DD,DD-Carr United Methodist,8200 NC 49 North,Cedar Grove,NC,36.2140321,-79.2191119,,
D1033,D1033FP,Divine Grace Fellowship,1500-A E Club Blvd Bldg 100,Durham,NC,36.0257375,-78.8545431,,
D1035,D1035SOF,Durham Center For Senior Life,406 Riggsbee Ave,Durham,NC,35.999206,-78.899862,,
D1037,D1037OTH,Durham Exchange Club,1717 Lawson St,Durham,NC,35.974353,-78.883365,,
D1038,D1038SH1,Durham Rescue Mission Ministries,1201 E Main St,Durham,NC,35.986812,-78.886742,,
D1038,D1038SH2,Durham Rescue Mission's Opportunity Place,507 E Knox St,Durham,NC,36.0133607,-78.8855612,,
D1040,D1040OTH,Durham Tech Community College,1637 Lawson St,Durham,NC,35.974398,-78.884033,,
D1041,D1041FP,Emanuel Tabernacle Holiness,2525 Atlantic St,Durham,NC,35.9693196,-78.903474,,
D1043,D1043FP,Faith Gospel Tabernacle,663 Troy St,Durham,NC,35.9766267,-78.8829114,,
D1045,D1045FP,Feed My Sheep of Durham Food,107 N Driver St,Durham,NC,35.9859983,-78.8780851,,
D1045,D1045TF,Feed My Sheep of Durham Food,107 N Driver Street,Durham,NC,35.9859983,-78.8780851,,
D1047,D1047FP,First Baptist Church,119 S Main St,Creedmoor,NC,36.117632,-78.6867117,,
D1049,D1049FP,First Calvary Baptist Church,1311 Morehead Ave,Durham,NC,35.9916228,-78.9193637,,
D1050,D1050FP,Fisher Memorial,420 E Piedmont Ave,Durham,NC,35.9840851,-78.9000339,,
D1050,D1050TF,Fisher Memorial,2311 Wintergreen Place,Durham,NC,35.9601504,-78.8842387,,
D1054,D1054GH1,Freedom House,104 New Stateside Dr,Chapel Hill,NC,35.9562308,-79.0597715,,
D1059,D1059FP,Gang Free INC,940 County Home Rd,Henderson,NC,36.3199675,-78.3956605,,
D1060,D1060DD,DD-Grace and Peace Tabernacle,600 E Washington St,Mebane,NC,36.093288,-79.2595423,,
D1062,D1062FP,Grace Outreach Enrichment,612 Gary St,Durham,NC,35.9909619,-78.8701246,,
D1062,D1062TF,Grace Outreach Enrichment,612 Gary St. ,Durham,NC,35.9909619,-78.8701246,,
D1063,D1063FP,Greater Deliverance Tabernacle,199 Flat River Rd,Roxboro,NC,36.342345,-78.985731,,
D1064,D1064FP,Hannah's Community Kitchen,5524 N Roxboro Rd,Durham,NC,36.09178,-78.910602,,
D1065,D1065FP,Greater Ransom Way of the,90 South Lake Lodge Ext,Henderson,NC,36.271241,-78.430762,,
D1066,D1066FP,Greater Refuge Temple,1438 Maplewood Dr,Durham,NC,36.0323597,-78.8658755,,
D1072,D1072FP,Healing With CAARE,214 Broadway St,Durham,NC,36.001165,-78.8987418,,
D1073,D1073FP,Hillsborough Church Of God,2412 Hwy 86 S,Hillsborough,NC,36.048648,-79.079527,,
D1075,D1075FP,Iglesia Presbiteriana Emanuel,2504 N Roxboro St,Durham,NC,36.0217092,-78.8897933,,
D1076,D1076FP,Immanuel Temple SDA Community,2102 S Alston Ave,Durham,NC,35.9607694,-78.8885445,,
D1077,D1077FP,Inter-Faith Council,100 W Rosemary St,Chapel Hill,NC,35.914075,-79.056505,,
D1081,D1081FP,Jewish Family Services,1937 Cornwallis Rd,Durham,NC,35.9348318,-78.8899389,,
D1084,D1084GH1,Just A Clean House,310 Raynor St,Durham,NC,35.9876239,-78.873418,,
D1084,D1084GH3,Just a Clean House,1917 Taylor St,Durham,NC,35.9889521,-78.8779196,,
D1084,D1084GH4,Just a Clean House,2511 Stephenson St,Durham,NC,36.0230227,-78.8838982,,
D1084,D1084GH5,Just A Clean House,1204 E Club Blvd,Durham,NC,36.0231892,-78.8770633,,
D1086,D1086FP,Kings Park Church,1305 Odyssey Dr,Durham,NC,35.930456,-78.8921857,,
D1087,D1087FP,Kitrell Shiloh Missionary,1390 S Chavis Rd,Kitrell,NC,36.224143,-78.413249,,
D1088,D1088FP,Life International,5310 S Alston Ave. Bulding 100,Durham,NC,35.886743,-78.885239,,
D1089,D1089FP,Living Stones,6096 Tabbs Creek Rd,Oxford,NC,36.346379,-78.542173,,
D1095,D1095DD,Mebane's Chapel United Holy,421 Union St,Hillsborough,NC,36.08011,-79.109243,,
D1096,D1096GH,Michael's Place,2815 Cascadilla St,Durham,NC,36.0266773,-78.8862998,,
D1097,D1097DD,DD-Ministerios Guerreros De,1800 N Roxboro St,Durham,NC,36.013486,-78.890699,,
D1099,D1099FP,Mt. Bethel United Methodist,1605 Bahama Rd,Durham,NC,36.1670143,-78.8764149,,
D1100,D1100FP,Mt. Level Community Haven,316 Hebron Rd,Durham,NC,36.058682,-78.8951257,,
D1101,D1101BP,Mt. Sylvan United Methodist,5731 N Roxboro Rd,Durham,NC,36.093751,-78.910362,,
D1103,D1103FP,Mt. Zion Christian Church,995 Burr St,Henderson,NC,36.3359682,-78.3919867,,
D1105,D1105DD,Oak Grove Community,854 Oak Grove Mt Zion Rd,Roxboro,NC,36.463615,-79.020708,,
D1106,D1106FP,Oak Grove UAFree Will Baptist,1008A Simmons St,Durham,NC,35.9823145,-78.8984215,,
D1107,D1107FP,Obedience To The Word,644 Bon Air Ave,Durham,NC,36.0303226,-78.8824789,,
D1109,D1109DC,Orange Co Head Start/Early HS,125 Lawndale Ave,Hillisborough,NC,36.08862,-79.105494,,
D1110,D1110FP,Orange Congregations Mission,300 Millstone Dr,Hillsborough,NC,36.0508098,-79.0975328,,
D1111,D1111DIS,Orange County Disability,503 W Franklin St #113,Chapel Hill,NC,35.9099143,-79.0634424,,
D1113,D1113OTH,Our Teams Our Children,2711 Fayetteville St,Durham,NC,35.977922,-78.90043,,
D1114,D1114DD,Oxford Speaks Life Church House of,305 Williamsboro St,Oxford,NC,36.3131462,-78.5856944,,
D1115,D1115DD,DD-Parkwood Elementary PTA,5207 Revere Rd,Durham,NC,35.8914633,-78.9062514,,
D1116,D1116FP,Pettiford Grove Baptist Church,3579 Cannady Mill Rd,Kittrell,NC,36.204636,-78.556778,,
D1117,D1117FP,Pine Grove Baptist Church,1624 Lake Rd/Hwy 56,Creedmoor,NC,36.142722,-78.720254,,
D1117,D1117TF,Pine Grove Baptist Church,1624 Lake Road/Hwy 56,Creedmoor,NC,36.142722,-78.720254,,
D1120,D1120AS,RAM Organization,2703 Holloway St,Durham,NC,35.9890675,-78.8518946,,
D1122,D1122GH,Recovery Connections of Durham,2913 Wadsworth Ave.,Durham,NC,35.9600833,-78.9223097,,
D1122,D1122GH2,Recovery Connections of Durham,2203 Elmwood Ave,Durham,NC,35.9881113,-78.9299916,,
D1123,D1123FP,Rogers-Eubanks Neighborhood,101 Edgar St,Chapel Hill,NC,35.9599115,-79.081604,,
D1124,D1124FP,Rougemont Food Pantry,105 Red Mountain Rd,Rougemont,NC,36.2184272,-78.9260442,,
D1126,D1126FP,Russell Memorial CME Church,703 S Alston Ave,Durham,NC,35.9798433,-78.8909168,,
D1127,D1127FP,Salvation Army-Durham,909 Liberty St,Durham,NC,35.9931292,-78.8854264,,
D1129,D1129FP,Salvation Army-Henderson,2292 Ross Mill Rd,Henderson,NC,36.3422345,-78.4302191,,
D1130,D1130FP,Seed Time & Harvest Fellowship,804 Berwyn Ave,Durham,NC,36.0330439,-78.8804301,,
D1131,D1131FP,Shiloh Baptist Church,635 College St,Henderson,NC,36.3221,-78.4032,,
D1132,D1132FP,Southside Church of Christ,800 Elmira Ave,Durham,NC,35.9627294,-78.901156,,
D1133,D1133FP,St. John United Holy Church,607 Pine Acres Rd,Chapel Hill,NC,35.9155134,-79.1151024,,
D1134,D1134FP,St. John's House of Refuge,1307 W Knox St,Durham,NC,36.0132577,-78.9140758,,
D1135,D1135FP,St. Joseph AME Church,2521 Fayetteville St,Durham,NC,35.977922,-78.90043,,
D1137,D1137FP,St. James of Durham,314 N Hyde Park Ave,Durham,NC,35.9886697,-78.8815057,,
D1138,D1138DD,DD-St. Julia Catholic Church,210 Harold Hart Rd,Siler City,NC,35.7349006,-79.3769156,,
D1140,D1140OTH,Sunrise Recovery Resource,1201 N Roxboro St,Durham,NC,36.0036294,-78.8931933,,
D1142,D1142FP,The Help Center Inc,615 Lewis Court,Oxford,NC,36.296882,-78.600428,,
D1142,D1142TF,The Help Center Inc,415 Raleigh Rd,Henderson,NC,36.315183,-78.4105,,
D1146,D1146GH,TROSA,1820 James St,Durham,NC,35.9790948,-78.9267301,,
D1149,D1149DD,DD-Upon This Rock Ministry,1206 College St,Oxford,NC,36.3300926,-78.5924039,,
D1150,D1150FP,Urban Ministries Food Pantry,410 Liberty St,Durham,NC,35.9934593,-78.8958716,,
D1155,D1155OTH,Warren-Vance Community Health,511 Ruin Creek Rd,Henderson,NC,36.3321753,-78.4470522,,
D1156,D1156FP,West Chatham Food Pantry,2535 Old US Hwy 421 N,Siler City,NC,35.751215,-79.47953,,
D1157,D1157DD,White Rock Baptist Church,3400 Fayetteville St,Durham,NC,35.977922,-78.90043,,
D1158,D1158AS,William Hawkins Yth Ministries,500 N Beckford Dr,Henderson,NC,36.3382097,-78.4017891,,
D1159,D1159FP,Word Harvest International,2403 Lednum St,Durham,NC,36.0274859,-78.9097851,,
D1160,D1160FP,Word of Life Christian,704 Franklin St,Roxboro,NC,36.3818286,-78.9921985,,
D1161,D1161DD,DD-Young Memorial,505 Brookston Rd,Henderson,NC,36.355621,-78.346802,,
D1161,D1161FP,Young Memorial United Holy,1379 Brookston Rd,Henderson,NC,36.367872,-78.341255,,
D1162,D1162FP,Zion Christian Center,2850 Virgilina Rd,Roxboro,NC,36.4254657,-78.9269419,,
D1164,D1164DD,DD-Bright Sun,113A Bright Sun Pl,Chapel HIll,NC,35.9544155,-79.0590435,,
D1165,D1165DD,DD-Calvary UMC,304 E Trinity St,Durham,NC,36.005462,-78.891115,,
D1167,D1167DD,DD-Durham Spanish SDA Church,1606 Liberty St,Durham,NC,35.9912295,-78.8743482,,
D1170,D1170DD,DD-Gomains Avenue,604-B Gomains Ave,Chapel Hill,NC,35.91555,-79.065894,,
D1175,D1175DD,DD-Piney Grove Baptist Church,1929 Piney Grove Rd,Hillsborough,NC,36.052941,-79.053352,,
D1176,D1176DD,DD-Preiss-Steele Apartments,500 Pickwick Trl,Durham,NC,36.0419096,-78.8889216,,
D1177,D1177DD,DD-South Estes,391 S Estes Dr,Chapel Hill,NC,35.9245208,-79.0216574,,
D1183,D1183DD,DD-Hillsborough SDA,1808 NC Hwy 86 N,Hillsborough,NC,36.114315,-79.112439,,
D1188,D1188DD,JEWELS Outreach and Networking,1315 Horton Rd,Durham,NC,36.0574624,-78.922498,,
D1189,D1189FP,Nehemiah Christian Center,514 N. Mangum St,Durham,NC,35.9984401,-78.897633,,
D1220,D1220FP,Amity United Methodist Church,825 N Estes Dr,Chapel Hill,NC,35.934776,-79.0549136,,
D1222,D1222DD,Jones Grove Missionary Baptist Church,2713 Coleman Loop Rd,Hillsborough,NC,36.129659,-79.119725,,
D1222,D1222FP,Jones Grove Missionary Baptist Church,2713 Coleman Loop Road,Hillsborough,NC,36.129659,-79.119725,,
D1258,D1258DD,Cedar Grove Community Center,5800 NC Hwy 86 N,Hillsborough,NC,36.178351,-79.135885,,
D1259,D1259DD,Heavenly Manna,117 Richmond Rd,Efland,NC,35.1725,-79.591831,,
D1261,D1261FP,Parktown Food Hub,5123 Revere Rd,Durham,NC,35.894399,-78.9093465,,
D1265,D1265FP,Orange County DSS,113 Mayo St,Hillsborough,NC,36.0603601,-79.10608,,
D1265,D1265TF,Orange County DSS, 113 Mayo Street,Hillsborough,NC,36.0603601,-79.10608,,
D1273,D1273FP,New Home and Durham Missionary Baptist Association,6611 Guess Rd,Durham ,NC,36.1236519,-78.942401,,
D1273,D1273TF,New Home and Durham Missionary Baptist Association,6611 Guess Road,Durham ,NC,36.1236519,-78.942401,,
D1274,D1274FP,St. Matthew Missionary Baptist Church,8604 Hwy 96,Oxford,NC,36.401426,-78.680042,,
D1293,D1293FP,Hillside Church Food Pantry,201 Culbreth Road,Chapel Hill,NC,35.8909534,-79.0626751,,
G1002,G1002FP,Alpha and Omega Church,410 E Washington St,Kinston,NC,35.266196,-77.566876,,
G1005,G1005FP,An-Nissa 2,1152 Briley Rd,Greenville,NC,35.6729252,-77.3676868,,
G1006,G1006AS,Antioch United Holy Church,2659 Railroad St,Bell Arthur,NC,35.58965,-77.514537,,
G1008,G1008FP1,Armor of God Christian Church,2648 Mill St,Winterville,NC,35.5285488,-77.403331,,
G1010,G1010FP,Ayden Christian Care Center,109B N West Ave,Ayden,NC,35.4745951,-77.41615,,
G1015,G1015BP,BP - Bethel United Methodist Church,3798 James St,Bethel,NC,35.806606,-77.374762,,
G1018,G1018FP,Bountiful Blessings House of,1432 Fort Run Rd,Snow Hill,NC,35.4790079,-77.7526826,,
G1020,G1020FP,Bread of Life Grifton,609 Cannon Blvd,Grifton,NC,35.372856,-77.429141,,
G1023,G1023FP,Catholic Charities- Tar River,1746 Union St,Greenville,NC,35.570136,-77.440218,,
G1024,G1024FP,Christ Deliverance Tabernacle,413 E Pender St,Wilson,NC,35.724958,-77.903359,,
G1025,G1025FP,Christian Fellowship Homes,301 S Grace St,Rocky Mount,NC,35.941294,-77.802447,,
G1027,G1027FP1,Churches Outreach  Network,700 Albemarle Ave,Greenville,NC,35.609953,-77.380284,,
G1027,G1027FP3,Churches Outreach Network,2921 Briery Swamp Rd,Stokes,NC,35.712104,-77.239227,,
G1027,G1027FP4,Churches Outreach Network,1610 W. 10th St,Greenville,NC,35.608038,-77.3829958,,
G1027,G1027FP5,Churches Outreach Network,306 W King St,La Grange,NC,35.311086,-77.7912498,,
G1029,G1029FP,Conetoe Family Life Center,204 N Railroad St,Conetoe,NC,35.8188198,-77.4588706,,
G1035,G1035FP,ECU Purple Pantry,501 E 10th St,Greenville,NC,35.60536,-77.370086,,
G1036,G1036FP,Emmanuel Community Unison,3501 Speight Seed Farm Rd,Winterville,NC,35.526536,-77.479449,,
G1037,G1037FP,Faith Developmental Community,655 Sussex St,Kinston,NC,35.260061,-77.6480566,,
G1039,G1039BP,First Missionary,201 N Caswell St,LaGrange,NC,35.300878,-77.789733,,
G1041,G1041FP1,Freedom Family Foundation Inc,"313 Clifton St, Suite B",Greenville,NC,35.5899613,-77.3760185,,
G1044,G1044FP,Greater St Peter,886 Will Baker Rd,Kinston,NC,35.221911,-77.579598,,
G1045,G1045FP,Greene County Interfaith,412 Kingold Blvd,Snow Hill,NC,35.4556042,-77.6916177,,
G1046,G1046CH,Greene Lamp,2909 Grainger Station Rd,Kinston,NC,35.316103,-77.513542,,
G1048,G1048FP,Grifton Mission Ministries,6499 N Highland Blvd,Grifton,NC,35.384948,-77.435335,,
G1050,G1050FP,Hands for Humanity CDC,1009 E Bright St,Kinston,NC,35.2570561,-77.5671078,,
G1052,G1052FP,Herring Grove FWB Church,4851 US Hwy 70,Kinston,NC,35.2603449,-77.6612153,,
G1053,G1053FP,Hobgood Citizens Group,401 Beech St,Hobgood,NC,36.025626,-77.397139,,
G1057,G1057MFP,Ivory Hill Baptist Church,4505 Medoc Mountain Rd,Enfield,NC,35.806216,-78.11395,,
G1058,G1058FP,Joseph Provisions,703 Howell St,Greenville,NC,35.5993361,-77.3831022,,
G1060,G1060FP,Kairos Church Ministry,1003 S Lodge St,Wilson,NC,35.715584,-77.921785,,
G1061,G1061GH,Kennedy Baptist Children's Home,2557 Cedar Dell Ln,Kinston,NC,35.255291,-77.694694,,
G1062,G1062FP,Kingdom Care Inc,1701 Staton Mill Rd,Greenville,NC,35.685737,-77.35979,,
G1063,G1063AS,Kingdom Kids Club -,1700 Chestnut St,Greenville,NC,35.604143,-77.388311,,
G1064,G1064FP,Koinonia Christian Center,1405 SW Greenville Blvd,Greenville,NC,35.589831,-77.353776,,
G1066,G1066FP,Living Waters Ministries of,7421 US Hwy 258 S,Pinetops,NC,35.806649,-77.588915,,
G1070,G1070SK,Mary's Kitchen,110 N Independence St,Kinston,NC,35.2604049,-77.5778746,,
G1071,G1071FP,"Bread of Life Ministries, Inc. ",3632 S George St,Farmville,NC,35.5909622,-77.5936552,,
G1072,G1072FP,Mount Calvary Grace & Mercy Street Ministry,411 Watauga Ave,Greenville,NC,35.6059089,-77.3897333,,
G1073,G1073MFP,NEEDS Center,3642 S Lynch St,Fountain,NC,35.6731582,-77.6409612,,
G1075,G1075FP,New Mt Moriah United,4329 Anderson Ave,Farmville,NC,35.5857535,-77.5905077,,
G1080,G1080FP,Optimal Beginnings Inc,1003 Fred Harrison Rd,Snow Hill,NC,35.382034,-77.686103,,
G1080,G1080MFP,Optimal Beginnings Inc,369-B Hwy 13 S,Snow Hill,NC,35.457811,-77.698476,,
G1081,G1081FP,Paradise Outreach,908 W Star St,Greenville,NC,35.568876,-77.442072,,
G1081,G1081TF,Paradise Outreach Ministries,908 W Star,Greenville,NC,35.568876,-77.442072,,
G1082,G1082FP,Pentecostal Temple ,2753 W 5th St,Greenville,NC,35.6203201,-77.4159177,,
G1083,G1083FP,Philippi Church of Christ,3760 Philippi Dr,Greenville,NC,35.6303373,-77.3441904,,
G1085,G1085FP,Project Anna Inc,120 S Skinner St,Greenville,NC,35.6025114,-77.3879837,,
G1086,G1086FP,Regeneration Development,105 SW 1st St. Suite D,Pinetops,NC,35.792952,-77.636545,,
G1087,G1087FP,Rose Hill Free Will Baptist,6236 County Home Rd,Winterville,NC,35.497457,-77.352888,,
G1089,G1089FP,Saints Delight Church of God  in Christ,593 US-64-Alternate W,Bethel,NC,35.757803,-77.39351,,
G1089,G1089TF,Saints Delight Church of God,593 US-64 Alternate W,Bethel,NC,35.815611,-77.369251,,
G1090,G1090BP,Salem United Methodist Church,785 McDonald St,Simpson,NC,35.5750829,-77.2750814,,
G1092,G1092FP,Salvation Army-Greenville,2718 S Memorial Drive,Greenville,NC,35.5893882,-77.3959607,,
G1094,G1094FP,Senior Home Care Services Inc,1001 Hooker Rd,Greenville,NC,35.58569,-77.387524,,
G1095,G1095BP,Sharon United Methodist Church,4106 Sharon Church Rd,Kinston,NC,35.340783,-77.504096,,
G1097,G1097FP,St. James United Methodist,2006 E 6th St,Greenville,NC,35.6054584,-77.3536999,,
G1098,G1098BP,St. Paul's Episcopal Church,401 E Fourth St,Greenville,NC,35.611568,-77.369094,,
G1099,G1099FP,St. Peter Catholic Church,2700 E 4th St,Greenville,NC,35.607072,-77.342451,,
G1100,G1100MFP,St. Marks/ La Guadalupana,106 Reid St SE,Wilson,NC,35.7178451,-77.9014021,,
G1101,G1101FP,St. Paul Church of Christ,4009 Lake Wilson Rd,Wilson,NC,35.7755187,-77.9363922,,
G1102,G1102FP,St. Peter's Development Center,1295 E Mumford Rd,Greenville,NC,35.627601,-77.35489,,
G1103,G1103FP,Staton Mill Road Community,1251 Fleming School Rd,Greenville,NC,35.658345,-77.391351,,
G1105,G1105AS,Straightway Church,627 Boulevard St,Ayden,NC,35.469571,-77.4109247,,
G1107,G1107FP,Tabernacle of God Community,6326 Speight School Rd,Wilson,NC,35.664921,-77.8006682,,
G1107,G1107TF,Tabernacle of God Community,6513 Grimsley Store Rd.,Wilson,NC,35.661616,-77.8013265,,
G1108,G1108FP,Tarboro Community Outreach,701 Cedar Ln,Tarboro,NC,35.896485,-77.5397,,
G1111,G1111FP,The Anointed Ones Church,4271 N Edge Rd,Ayden,NC,35.4687766,-77.4075956,,
G1112,G1112FP,The Memorial Baptist Church,1510 Greenville Blvd SE,Greenville,NC,35.5895748,-77.3500645,,
G1114,G1114FP,The Way of the Cross Outreach,64 Craigmont Ave,Roanoke Rapids,NC,36.447026,-77.699311,,
G1115,G1115AS,Third Street Community Center,600 W Third St,Greenville,NC,35.61446,-77.379646,,
G1115,G1115SK,Third Street Community Center,1209 Chestnut St,Greenville,NC,35.6067455,-77.3831845,,
G1116,G1116FP,Twilight Missionary Baptist,1381 Aurelian Springs Rd,Weldon,NC,36.389787,-77.634671,,
G1117,G1117FP,"Union Mission, Inc",1310 Roanoke Ave,Roanoke Rapids,NC,36.4507265,-77.6597476,,
G1119,G1119FP,Victory & Dominion World,1438 Hwy 13,Snow Hill,NC,35.458315,-77.708264,,
G1120,G1120FP,ECU Health Medical Food Pantry,2100 Stantonsburg Road,Greenville,NC,35.6074352,-77.4032488,,
G1123,G1123FP,Wilson County Interfaith,309 Goldsboro St,Wilson,NC,35.726914,-77.9075746,,
G1123,G1123MFP,Wilson County Interfaith,311 Nash St W,Wilson,NC,35.735468,-77.918645,,
G1124,G1124FP,Word of Truth,7227 Stantonsburg Rd,Farmville,NC,35.6075175,-77.5452507,,
G1126,G1126FP,You Need Help Outreach,109 W Rail Road Rd,LaGrange,NC,35.301119,-77.790163,,
G1219,G1219FP,Spirit & Truth Worship Center,1512 N Greene St,Greenville,NC,35.633449,-77.3715277,,
G1225,G1225FP,Love N Action Outreach Inc.,639 Walnut Street,Wilson,NC,35.7282754,-77.9229734,,
G1233,G1233FP,Zion Chapel Food Pantry ,377 Planters St,Ayden,NC,35.4661581,-77.4221533,,
G1234,G1234AS,"The Mercer Foundation, Inc.",1624 Windsor Dr,Rocky Mount,NC,35.9379522,-77.7717513,,
G1236,G1236BP,86Hunger,745 Davenport Farm Rd,Winterville,NC,35.5448145,-77.4126974,,
G1245,G1245FP,MrCharity Inc. DBA Beast Philanthropy ,993-B Brompton Ln,Greenville,NC,35.654637,-77.311591,,
G1245,G1245FP3,MrCharity Inc. DBA Beast Philanthropy,811 Howell St,Greenville,NC,35.5990827,-77.3845177,,
G1245,G1245FP4,MrCharity Inc. DBA Beast Philanthropy,517 Beaufort St,Grimesland,NC,35.5644341,-77.1886018,,
G1246,G1246FP,Rhema Word Christian Center/Wilson,1503 Black Creek Rd,Wilson,NC,35.70777,-77.904936,,
G1247,G1247FP,Last Days Tabernacle,504 C Dexter St,Greenville,NC,35.5770446,-77.3969427,,
G1249,G1249FP,Triumph Missionary Baptist Church,7874 US 264 Hwy,Washington,NC,35.607413,-77.148826,,
G1252,G1252FP,Cornerstone Missionary Baptist Church,1095 Allen Rd,Greenville,NC,35.6069461,-77.4209694,,
G1253,G1253FP,Macedonia Church of Lenoir County,648 Albrittons Rd,Kinston,NC,35.193991,-77.643292,,
G1254,G1254FP,Greater Judah Corporation,2047 S Park Dr Ste C,Winterville,NC,35.5468577,-77.3965927,,
G1258,G1258BP,Covenant Church- Backpack Buddies,4000 Corey Rd,Winterville,NC,35.558706,-77.364824,,
G1260,G1260FP,Wilson Chapel Free Will Baptist Church,513 Barnes St S,Wilson,NC,35.7207661,-77.9078224,,
G1261,G1261FP,First Christian Church,3776 S. Main St,Farmville,NC,35.5963976,-77.5862184,,
N1001,N1001FP,Abundant Life International,1518 Gum Branch Rd,Jacksonville,NC,34.7834937,-77.4220499,,
N1002,N1002FP,Abundant Life Miracle Center,1303 Beaufort St,New Bern,NC,35.1194596,-77.0591788,,
N1002,N1002MFP,Abundant Life Miracle Center,1901 Garden St,New Bern,NC,35.119119,-77.0588,,
N1004,N1004FP,Adelphia CDC Inc,205 Egret St,New Bern,NC,35.108718,-77.082042,,
N1004,N1004FP2,Adelphia CDC Inc Midway Park ,801 Freedom Way,Hubert ,NC,34.7167852,-77.1987111,,
N1004,N1004FP3,Adelphia CDC Inc Belgrade ,482 Springs Hill Rd,Mayseville ,NC,34.872079,-77.237611,,
N1004,N1004MFP,Adelphia CDC Inc Pembroke ,2000 Moore Ave,New Bern ,NC,35.0942117,-77.0664797,,
N1004,N1004MFP2,Adelphia CDC Inc St Mark Bayboro,511 Water Rd.,Bayboro ,NC,35.1538,-76.772168,,
N1004,N1004MPF3,Adelphia CDC Inc Wesley Chapel ,1696 Tuscarora Rd.,New Bern,NC,35.112408,-77.207885,,
N1006,N1006FP,Antioch Community Outreach Inc,762 Antioch Rd,New Bern,NC,35.16769,-77.049584,,
N1008,N1008MFP,Area Day Reporting Program For,915 Main St,New Bern,NC,35.1134299,-77.0489996,,
N1011,N1011FP,Word of God Christian Center,3650 Neuse Blvd,New Bern,NC,35.1380573,-77.0993893,,
N1012,N1012BP,BP - Backpack Blessings,PO Box 1675,New Bern,NC,35.1084931,-77.0441143,,
N1013,N1013BP,BP - United Way of Onslow County,8 Ruth St,Jacksonville,NC,34.7522086,-77.428738,,
N1014,N1014FP,Calvary Baptist Church,1700 Live Oak St,Beaufort,NC,34.7286227,-76.6393435,,
N1014,N1014MFP,Calvary Baptist Church,1219 Island Rd,Harkers Island ,NC,34.6932745,-76.5501974,,
N1014,N1014TF,Calvary Baptist Church,1700 Live Oak St. ,Beaufort,NC,34.7286227,-76.6393435,,
N1024,N1024MFP,First United Methodist Church,126 Park Ln,Sneads Ferry,NC,34.5523377,-77.3933183,,
N1026,N1026FP,Folkstone Original Free Will,133 Old Folkstone Rd,Holly Ridge,NC,34.535613,-77.502033,,
N1031,N1031FP,Havelock Cherry Point,925 E Main St Ste 20,Havelock,NC,34.8644148,-76.8984223,,
N1034,N1034FP,Iglesia de Dios Pentecostal,1042 Country Club Rd,Jacksonville,NC,34.768656,-77.3892391,,
N1038,N1038FP,JT Kerr Memorial Baptist,150 LP Willingham Pkwy,Jacksonville,NC,34.748343,-77.432772,,
N1040,N1040FP,Lighthouse Community Church,2015 US Hwy 70 E,Stacy,NC,34.722583,-76.729732,,
N1040,N1040MFP,Lighthouse Community Church,146 School Dr.,Atlantic,NC,34.8824997,-76.3412012,,
N1041,N1041FP,Living Bread Holiness Church,1116 Glenburnie Rd,New Bern,NC,35.136723,-77.062742,,
N1044,N1044FP,Martha's Mission Cupboard,901 Bay St,Morehead City,NC,34.723984,-76.713905,,
N1045,N1045MFP,Maysville Methodist Church,804 Foy Ave,Maysville,NC,34.9009469,-77.2272063,,
N1047,N1047FP,Mount Carmel ,2586 Onslow Dr,Jacksonville,NC,34.7646581,-77.4202825,,
N1047,N1047SK,Mount Carmel ,2586 Onslow Dr.,Jacksonville,NC,34.7646581,-77.4202825,,
N1047,N1047TF,Mount Carmel ,2542 Onslow Dr,Jacksonville,NC,34.76418,-77.4187593,,
N1050,N1050FP,Bear Paws Food Pantry,4200 Academic Dr,New Bern,NC,35.098932,-77.1149019,,
N1051,N1051FP,New Bern Older Adult Housing,3800 Lofland Way,New Bern,NC,35.125745,-77.103687,,
N1052,N1052SOF,The Meadows Apartments,3025 Kensington Park Dr,New Bern,NC,35.1419165,-77.0988751,,
N1053,N1053MFP,New Hope Community Outreach,504 Main St,Maysville,NC,34.9050095,-77.231549,,
N1054,N1054FP1,New Life Church,2911 Old Cherry Point Rd,New Bern,NC,35.060362,-77.013106,,
N1056,N1056FP,Onslow Community Outreach ,1210 Hargett St,Jacksonville,NC,34.7512646,-77.4121912,,
N1058,N1058FP,Open Door Management Inc,1675 Halltown Rd,Jacksonville,NC,34.7733767,-77.3557684,,
N1059,N1059FP,Pamlico County Fishes & Loaves,108 Straight Rd,Oriental,NC,35.0469173,-76.6897607,,
N1059,N1059MFP,Pamlico County Fishes & Loaves,1149 White Farm Rd ,Oriental,NC,35.0441994,-76.6791291,,
N1059,N1059TF,Pamlico County Fishes & Loaves,108 Staright Rd.,Oriental,NC,35.104503,-76.647109,,
N1060,N1060GH3,Spencer's Place Group Home,201 9th St,New Bern,NC,35.1029515,-77.0726421,,
N1062,N1062FP,Reelsboro United Christian Svc,51 Holland Dr,New Bern,NC,35.10575,-77.0477,,
N1063,N1063FP,Religious Community Services,919 George St,New Bern,NC,35.1149406,-77.0447717,,
N1064,N1064FP,Richlands Community Outreach,8701 Richlands Hwy PO Box 741,Richlands,NC,34.9013834,-77.55331,,
N1064,N1064MFP,Richlands Community Outreach,9103 Richlands Hwy,Richlands,NC,34.8921833,-77.5475767,,
N1065,N1065FP,Salvation Army Carteret Co,2800 Bridges St,Morehead City,NC,34.726487,-76.740904,,
N1067,N1067FP1,Salvation Army-Jacksonville,461 Center St,Jacksonville,NC,34.756223,-77.3859087,,
N1067,N1067MFP,Salvation Army-Jacksonville,121 Stillwood Dr. ,Jacksonville,NC,34.765552,-77.488271,,
N1069,N1069FP,Salvation Army-New Bern,1402 Rhem Ave,New Bern,NC,35.1063286,-77.0575055,,
N1071,N1071FP,White Oak Ecumenical Outreach Ministries ,724 W Corbett Ave,Swansboro,NC,34.6941522,-77.1319377,,
N1074,N1074FP,St. James Methodist Church,1007 Orange St,Newport,NC,34.786136,-76.8570886,,
N1076,N1076FP,Tabernacle Baptist Church,616 Broad St,New Bern,NC,35.1085058,-77.0432089,,
N1077,N1077FP,Feed Craven ,3317 Hwy 70 E,New Bern,NC,35.009006,-76.991464,,
N1078,N1078FP,The Storehouse Pantry,3114 Bridges St,Morehead City,NC,34.7273515,-76.7457823,,
N1080,N1080FP,Trenton Methodist Church,107 N Market St,Trenton,NC,35.064564,-77.353286,,
N1083,N1083FP,Vanceboro Christian Help Center,411 White St,Vanceboro,NC,35.2985897,-77.1521996,,
N1084,N1084FP,Wildwood Presbyterian Church,276 Wildwood Rd,Newport,NC,34.7489,-76.825446,,
N1090,N1090FP,Promise Place,1401 Park Ave,New Bern ,NC,35.1045897,-77.0572802,,
N1092,N1092FP,St. Julia AME Zion,112 Kerr St,Jacksonville,NC,34.7473883,-77.4331379,,
N1093,N1093FP,The Filling Station,221 Main St,Pollocksville,NC,35.0063599,-77.2206518,,
N1098,N1098FP,Jones County Community Hope,432 1st Avenue,Trenton,NC,35.0667067,-77.3570208,,
N1098,N1098TF,Jones County Community Hope,433 1st St,Trenton,NC,35.066879,-77.356914,,
N1099,N1099MFP,Angels on the Move ,208 Seattle Slew Dr,Havelock ,NC,34.924565,-76.809247,,
N1101,N1101SK,Shake The Ground Ministries-The Gathering Place,114 Trader Ave.,Havelock,NC,34.8834078,-76.9166048,,
N1105,N1105FP1,True Justice Intrnational New Bern Office ,802 Broad Streeet ,New Bern ,NC,35.03534,-76.691799,,
N1105,N1105FP2,True Justice Jacksonville Office ,825 Gum Brnach Rd,Jacksonville ,NC,34.771557,-77.40814,,
R1001,R1001FP,A Touch From Above Faith,654 Main St,Wilson Mills,NC,35.5822612,-78.353196,,
R1002,R1002FP,A Touch of the Father's Love,5193 Momeyer Way,Nashville,NC,35.961416,-78.057355,,
R1003,R1003FP,Abundant Life Ministries,500 Peachtree St,Rocky Mount,NC,35.949669,-77.797811,,
R1004,R1004AS,ADLA Inc,612 S Breazeale Ave,Mount Olive,NC,35.189867,-78.075249,,
R1006,R1006SON,Adult Day Health,1107 Fairview Rd,Rocky Mount,NC,35.94404,-77.7737,,
R1008,R1008OTH,Alice Aycock Poe Center,224 Sunnybrook Rd,Raleigh,NC,35.778772,-78.583468,,
R1010,R1010FP,Alliance of AIDS Services,1637 Old Louisburg Rd,Raleigh,NC,35.8030136,-78.6228183,,
R1011,R1011OTH,An Elegant Affair,3900 Barrett Dr,Raleigh,NC,35.8282993,-78.6310873,,
R1012,R1012FP,Angier Area Food Pantry,455 W Depot St,Angier,NC,35.5072657,-78.744219,,
R1013,R1013AS,Apex UMC,100 S Hughes St,Apex,NC,35.72973,-78.849466,,
R1014,R1014FP,Apostolic Faith Church ,300 Cedar St,Rocky Mount,NC,35.918839,-77.808749,,
R1020,R1020FP,Family Food Basket,6321 Old Raleigh Rd,Sims,NC,35.740512,-78.0622269,,
R1024,R1024FP,Benson Area Ministerial,1204 N Johnson St,Benson,NC,35.3891444,-78.5364495,,
R1026,R1026FP,Bethlehem Baptist Church,7215 Six Forks Rd,Raleigh,NC,35.8786101,-78.6460751,,
R1029,R1029FP,Blood of the Lamb Church,1100 The First Church Rd,Goldsboro,NC,35.395223,-77.970222,,
R1032,R1032SK,Bread Basket/Sanford Soup,140 E Chisholm St,Sanford,NC,35.4858158,-79.178845,,
R1033,R1033FP,Bread of Life Ministries,219 Maple Ave,Sanford,NC,35.4799729,-79.1723667,,
R1036,R1036OTH,Brown Bag Ministry,800 Lufkin Rd,Apex,NC,35.713831,-78.836223,,
R1037,R1037FP,Building 323,73 Wilder Rd,Middlesex,NC,35.753762,-78.256875,,
R1039,R1039FP,By Faith Church,4667 Evansdale Rd,Wilson,NC,35.6473619,-77.880573,,
R1041,R1041FP,Capital Pentacostal Church,1308 US-70,Garner,NC,35.6967452,-78.5855717,,
R1044,R1044FP,"Care and Share, Inc.",110 Industrial Dr,Louisburg,NC,36.1038188,-78.2902356,,
R1048,R1048FP,Catholic Parish Outreach,2013 N Raleigh Blvd,Raleigh,NC,35.808455,-78.603346,,
R1050,R1050SCH,Centennial Campus Middle,1900 Main Campus Dr,Raleigh,NC,35.7540967,-78.6937286,,
R1054,R1054AD,Chatham County Group Homes READD Center,251 Lynnbrook Dr,Siler City,NC,35.661265,-79.438707,,
R1054,R1054GH1,Chatham County Group Homes 1,320 Martin Luther King Blvd,Siler City,NC,35.728189,-79.462308,,
R1054,R1054GH2,Chatham County Group Homes 2,1011 W Fifth St,Siler City,NC,35.722023,-79.477635,,
R1054,R1054GH3,Chatham County Group Homes 3,813 Tanglewood Dr,Siler City,NC,35.7304737,-79.4790133,,
R1054,R1054GH4,Chatham County Group Homes Nooe House,225 E Watkins St,Siler City,NC,35.725432,-79.450517,,
R1054,R1054GH5,Chatham County Group Homes Nooe House B,223 E Watkins St,Siler City,NC,35.725448,-79.450521,,
R1054,R1054GH6,Chatham County Group Homes Perkins Place,400 Carolina Ave,Siler City,NC,35.7221005,-79.4760599,,
R1054,R1054GH7,Chatham County Group Homes Winfred West,506 W Fifth St,Siler City,NC,35.724826,-79.470603,,
R1054,R1054GH8,Chatham County Group Homes Griffin House,323 Martin Luther King Blvd,Siler City,NC,35.728334,-79.462354,,
R1056,R1056FP,Christ Community United,1082 Amelia Church Rd,Clayton,NC,35.6470269,-78.4898179,,
R1058,R1058FP,Christian Faith Ministries,3110 Cameron Dr,Sanford,NC,35.4439542,-79.1461017,,
R1059,R1059GH,Christian Life Home,Confidential,,NC,,,,
R1060,R1060FP,Christians United Outreach Ctr,2885 Lee Ave,Sanford,NC,35.4503726,-79.144568,,
R1061,R1061FP,Church Of God Of Prophecy,5005 Western Blvd,Raleigh,NC,35.7852858,-78.7206489,,
R1062,R1062FP,Church of God-Sermon del Monte,6105 Fayetteville Rd,Raleigh,NC,35.7269662,-78.6500037,,
R1066,R1066FP,Clayton Area Ministries,780 Durham St,Clayton,NC,35.639806,-78.4586405,,
R1068,R1068DD,Clinton (St. Stephens Church),207 W Lee St,Clinton,NC,35.0016808,-78.3325618,,
R1069,R1069FP,Coats Baptist Church,554 N McKinley St,Coats,NC,35.4160331,-78.6719199,,
R1070,R1070FP,Coats COGOP,7819 NC Hwy 27,Coats,NC,35.403068,-78.611037,,
R1073,R1073FP,Community Helpers Service,111-B N First Ave,Knightdale,NC,35.800385,-78.478226,,
R1074,R1074AS,Community of Hope Ministries,601 St Mary's St,Garner,NC,35.704103,-78.613901,,
R1075,R1075FP,Comunidad Cristiana Hosanna,204 Shelden Dr,Raleigh,NC,35.7417709,-78.6371808,,
R1076,R1076FP,Concerned Citizens Of Tillery,321 Community Center Rd,Tillery,NC,36.25656,-77.480784,,
R1078,R1078FP,Covenant Life Church,555 SW Maynard Rd.,Cary,NC,35.7715846,-78.7941314,,
R1079,R1079FP,Crabtree Valley Baptist Church,4408 Lead Mine Rd,Raleigh,NC,35.8400749,-78.6735081,,
R1103,R1103FP,Dorcas Ministries,187 High House Rd,Cary,NC,35.78335,-78.798658,,
R1107,R1107FB5,"Duplin Christian Outreach, Faith by Grace",2635 S NC Hwy 11 ,Rose Hill,NC,34.742058,-77.983605,,
R1107,R1107FP1,Duplin Christian Outreach,205 W Main Street,Wallace,NC,34.7343029,-77.9979131,,
R1107,R1107FP2,Duplin Christian Outreach(HQ site; no food stored),514 S Norwood St,Wallace,NC,34.7309833,-77.9913725,,
R1107,R1107FP3,Duplin Chrisitian Outreach,314 E Church St,Rose Hill,NC,34.8248633,-78.0239799,,
R1107,R1107FP6,Duplin Christian Outreach Ministries- Snow Hill ,"1224 Red Hill Rd Mt. Olive, NC 28366",Mt. Olive,NC,35.242771,-78.343716,,
R1107,R1107SOF,Duplin Chrisitian Outreach,2283 S NC 11 Hwy,Rose Hill,NC,34.844072,-77.956529,,
R1107,R1107SP,Spartans Table - Single Stop,Hwy 11 S,Kenansville,NC,33.921685,-78.171763,,
R1109,R1109FP,East Duplin Christian Outreach,111 W Quinn St,Beulaville,NC,34.9252812,-77.7734673,,
R1114,R1114FP1,Edgerton Memorial UMC,401 W Anderson St,Selma,NC,35.5373844,-78.2868644,,
R1117,R1117FP,Emmanuel Hispanic Pentecostal,4119 Rock Quarry Rd,Raleigh,NC,35.7440451,-78.5796559,,
R1117,R1117TF,Emmanuel Hispanic Pentecostal,5244 Holly Ridge Farm Rd,Raleigh,NC,35.8494656,-78.5417755,,
R1121,R1121FP,Faith In Action,100 Professional Ct Suite 104,Garner,NC,35.6080443,-78.5692325,,
R1122,R1122FP,Faith Missionary Baptist,908 Suffolk Blvd,Raleigh,NC,35.7450327,-78.6591247,,
R1123,R1123FP1,Faith Tabernacle Ministry,591 Guy Rd,Clayton,NC,35.6434831,-78.4867696,,
R1125,R1125OTH,Fathers Forever,3029 Stoneybrook Dr Ste 105,Raleigh,NC,35.8169497,-78.5926895,,
R1127,R1127GH,Fellowship Home of Raleigh,506 Cutler St,Raleigh,NC,35.7743432,-78.6521767,,
R1129,R1129FP,Fidelity Baptist Church ,PO Box 273,Littleton,NC,36.4348946,-77.9119615,,
R1130,R1130FP,First Assembly of God Church,3000 Summit Rd,Goldsboro,NC,35.375647,-77.938978,,
R1131,R1131FP,First Baptist Church of Smithfield,202 S Fourth St,Smithfield,NC,35.509359,-78.345405,,
R1133,R1133FP,First Cosmopolitan MBC,1515 Cross Link Rd,Raleigh,NC,35.7531073,-78.6158111,,
R1134,R1134FP,First Missionary,40 Durant Rd,Wilson's Mill,NC,35.577097,-78.347997,,
R1140,R1140GH,Flynn Home Of Goldsboro,409 N George St,Goldsboro,NC,35.3881666,-77.9985301,,
R1152,R1152GH,"Free Will Baptist Children's Home, Inc.",7907 Buck Deans Rd,Middlesex,NC,35.811094,-78.2079958,,
R1153,R1153DD,"Christ Christian Center Holy Church, Inc.",323 East 6th St,Castalia,NC,35.965398,-77.96483,,
R1156,R1156FP,Fuquay-Varina Emergency,216 W Academy St,Fuquay-Varina,NC,35.5844419,-78.8010678,,
R1161,R1161FP,Gibraltar the Remnant Church ,809 W Country Club Dr,Tarboro,NC,35.8963078,-77.546604,,
R1162,R1162FP,Glad Tiding Church Inc,323 E Broad St,Dunn,NC,35.3070166,-78.6079545,,
R1163,R1163FP,Glad Tidings Gospel Church,1205 Downing St ,Wilson,NC,35.7150738,-77.9253896,,
R1168,R1168FP,Good News Buenas Nuevas,2176-D US 70 A Hwy,Pine Level,NC,35.511224,-78.25712,,
R1168,R1168TF,Good News Buenas Nuevas,2176-D US 70 Alt.,Pine Level,NC,35.511224,-78.25712,,
R1170,R1170FP1,Greater Joy Missionary Baptist,820 Nashville Rd,Rocky Mount,NC,35.92911,-77.816614,,
R1170,R1170FP2,Greater Joy North,1711 E 10th St,Roanoke Rapids,NC,36.4395289,-77.643313,,
R1179,R1179FP,Harnett Food Pantry,413 W Old Rd,Lillington,NC,35.393562,-78.8241429,,
R1181,R1181FP1,Harvest Word Ministry,15199 NC 96,Zebulon,NC,35.8350654,-78.3217361,,
R1182,R1182SH,Haven House (Wrenn),908 W Morgan St,Raleigh,NC,35.7811527,-78.6556334,,
R1183,R1183SH1,Healing Transitions,1251 Goode St,Raleigh,NC,35.7644135,-78.659328,,
R1183,R1183SH2,Healing Transitions,3304 Glen Royal Rd,Raleigh,NC,35.8826282,-78.7490589,,
R1185,R1185FP,Hearts For Children Intl,14705 New Light Rd,Wake Forest,NC,36.0183902,-78.6554482,,
R1186,R1186FP1,Heavens Gate Ministry,9856 Hwy 210,Four Oaks,NC,35.509126,-78.518149,,
R1186,R1186FP2,Heavens Gate Ministry,5058 Hwy 701,Four Oaks,NC,35.375074,-78.366751,,
R1188,R1188FP,Highway Restoration Ministries,740 Vance St,Roanoke Rapids,NC,36.4626251,-77.6617188,,
R1193,R1193FP,Holly Springs Food Cupboard,621 W Holly Springs Rd,Holly Springs,NC,35.6555269,-78.8426276,,
R1195,R1195FP,House of Fordham/Goldsboro,412 N William St,Goldsboro,NC,35.3862941,-77.9917836,,
R1195,R1195SH,House of Fordham,500 N William St,Goldsboro,NC,35.387451,-77.991295,,
R1197,R1197FP,Iglesia Bethel,4191 Beulah Rd,Clinton,NC,34.924453,-78.33249,,
R1198,R1198FP,Iglesia De Dios Pentecostal,2331 New Bern Ave,Raleigh,NC,35.7798599,-78.5997866,,
R1199,R1199FP,Iglesia La Luz Del Evengelio,646 Oakwood Ave,Sanford,NC,35.484164,-79.1605399,,
R1200,R1200FP,Iglesia Pentecostal Jesucristo,1508 Bizzell Grove Church Rd,Selma,NC,35.543197,-78.179605,,
R1208,R1208FP,Jackson Grove Bible Church of God,66 Sinclair Lake Rd,Newton Grove,NC,35.15838,-78.468106,,
R1209,R1209GH,Jacob House/Rachel House,809 E Mulberry St,Goldsboro,NC,35.3812368,-77.9847497,,
R1211,R1211FP,Juniper Level,9104 Sauls Rd,Raleigh,NC,35.6311955,-78.6418855,,
R1212,R1212FP,Kenly Area Ministries,212 W 2nd St,Kenly,NC,35.5953424,-78.1241515,,
R1215,R1215FP,Lakeside Lutheran Church ,2427 Eaton Ferry Rd,Littleton,NC,36.532416,-77.941196,,
R1217,R1217FP,Lifeline Christian Center,2872 Old Franklin Rd,Spring Hope,NC,35.983743,-78.108779,,
R1218,R1218FP,Lifeline Outreach/Henderson,2014 Raleigh Rd,Henderson,NC,36.3214388,-78.4112634,,
R1219,R1219DD,Light House Community Center,504 Second St,Spring Hope,NC,35.946697,-78.104918,,
R1221,R1221FP,Loaves and Fishes Ministries,538 W Ridgeway St,Warrenton,NC,36.4048391,-78.1620883,,
R1227,R1227FP,Macedonia New Life,2004 Rock Quarry Rd,Raleigh,NC,35.7535909,-78.6126882,,
R1232,R1232FP,Milagros y Maravillas de Dios,711 W Noble St,Selma,NC,35.537295,-78.2915601,,
R1233,R1233FP,Millbrook United Methodist,1712 E Millbrook Rd,Raleigh,NC,35.8500587,-78.607452,,
R1234,R1234FP,Ministerios Bethel Inc,622 Bragg St,Sanford,NC,35.4801566,-79.1582215,,
R1240,R1240FP,Mt. Zion Community Church,250 Lanefield Rd,Warsaw,NC,34.996343,-78.075956,,
R1240,R1240FP2,Garland Christian Ministries,131 Rich Rd,Garland,NC,34.7832264,-78.3994469,,
R1242,R1242FP,My Father's House,545 Richardson Rd,Enfield,NC,36.236316,-77.873599,,
R1244,R1244FP,N.C.A. Philip Randolph Inst.,1408 Hillsborough St,Raleigh,NC,35.7840819,-78.6569706,,
R1246,R1246FP1,NC Love In Action (LIA),238 South Tarboro St,Wilson,NC,35.726916,-77.909396,,
R1249,R1249FP,Nelson Chapel Baptist Church,100 Leonard Farm Rd,Louisburg,NC,36.08092,-78.242206,,
R1251,R1251FP,New Bethel Baptist Church,605 E Young St,Rolesville,NC,35.9173222,-78.452307,,
R1252,R1252FP,New Bethel Christian Church,4307 Old Poole Rd,Raleigh,NC,35.765574,-78.568703,,
R1253,R1253FP,New Birth Holiness Church,409 Dr Donnie Jones Jr Blvd W,Princeton,NC,35.92628,-78.513761,,
R1258,R1258FP,New Freedom Christian,3540 Maitland Dr Ste 105,Raleigh,NC,35.7970128,-78.583981,,
R1258,R1258TF,New Freedom Christian,3540 Maitland Dr. Suite 105,Raleigh,NC,35.7970128,-78.583981,,
R1260,R1260FP,New Life Deliverance Ministry,103 E Main St,Benson,NC,35.3808813,-78.5471562,,
R1261,R1261FP,New Life Fellowship Church,4714 Olivia Rd,Sanford,NC,35.357719,-79.127804,,
R1262,R1262FP,New Life Outreach Ministry,128 Savage St,Franklinton,NC,36.0981254,-78.4559658,,
R1263,R1263FP,New Providence Missionary,4813 Hilltop Needmore Rd,Fuquay-Varina,NC,35.6317667,-78.7446207,,
R1263,R1263TF,New Providence Missionary,4813 Hilltop Needmore Road,Fuquay-Varina,NC,35.6317667,-78.7446207,,
R1265,R1265FP,New Vision Christian Church,2102 Hobbton Hwy,Clinton,NC,35.0319483,-78.3271699,,
R1266,R1266FP,North Carolina Poverty,106 S Goldsboro St ,Fremont,NC,35.543672,-77.9750908,,
R1266,R1266TF,North Carolina Poverty,106 S Goldsboro St,Fremont,NC,35.543672,-77.9750908,,
R1267,R1267FP,North Haven Ministries Inc,6620 Six Forks Rd,Raleigh,NC,35.8712017,-78.6407859,,
R1270,R1270FP,Oak Level Christian Church,2279 Cedar Creek Rd,Youngsville,NC,36.034909,-78.454382,,
R1277,R1277FP,Open Door Baptist Church,9801 Durant Rd,Raleigh,NC,35.8999761,-78.5764474,,
R1281,R1281FP,Our Lady of Perpetual Church,328 Hammond St,Rocky Mount,NC,35.9392277,-77.8006936,,
R1282,R1282SOF,Parkview Manor,911 N Blount St,Raleigh,NC,35.7914812,-78.6359022,,
R1287,R1287FP,Pete Norris Ministries Inc,126 W Walnut St,Goldsboro,NC,35.3831654,-77.997696,,
R1288,R1288FP,Pleasant Grove Missionary,948 Morphus Bridge Rd,Wendell,NC,35.780808,-78.350441,,
R1289,R1289FP1,Pleasant Union Christian,2164 Neills Creek Rd,Lillington,NC,35.4388597,-78.7747923,,
R1290,R1290FP,Poplar Springs Christian,6115 Old Stage Rd,Raleigh,NC,35.696061,-78.653074,,
R1291,R1291GH,Potter's Wheel Ministries,147 Faith Ln,Mt. Olive,NC,35.072602,-77.919863,,
R1292,R1292FP,Power of Praise Tabernacle,1100 S Market St,Benson,NC,35.3715517,-78.5540386,,
R1294,R1294FP,Progressive Teamwork Outreach,1300 Mack Todd Rd,Zebulon,NC,35.8080682,-78.3351355,,
R1298,R1298FP,Raleigh Church of Christ,911 Barringer Dr,Raleigh,NC,35.775499,-78.723314,,
R1299,R1299MFP,Raleigh Dream Center,4301 Louisburg Rd,Raleigh,NC,35.842029,-78.575945,,
R1301,R1301GH,"Raleigh Housing Fund, Inc",10 N East St,Raleigh,NC,35.7806595,-78.6320275,,
R1306,R1306DC,Rebuilding Broken Places,2105 N William St,Goldsboro,NC,35.407633,-77.9830463,,
R1308,R1308FP,Recruiters for Christ Church,931 Red Hill Church Rd,Dunn,NC,35.337985,-78.649007,,
R1311,R1311FP,Renewal Place,106 Norwayne Alumni Way,Fremont,NC,35.54544,-77.97471,,
R1314,R1314SON3,Resources For Seniors - Departure Drive,5124 Departure Dr,Raleigh,NC,35.8522791,-78.5956718,,
R1315,R1315FP,Revelation Missionary,805 E Davie St,Raleigh,NC,35.775337,-78.6261665,,
R1316,R1316FP,Revival Deliverance Ctr Inc,101 E Pinewood St,Roseboro,NC,34.9474964,-78.5080098,,
R1318,R1318FP,Richland Creek Community,3229 Burlington Mills Rd,Wake Forest,NC,35.920139,-78.52198,,
R1323,R1323FP,Rock Ministry Inc,PO Box 141 ,Garland,NC,34.785863,-78.3952895,,
R1331,R1331FP,Salvation Army-Raleigh,1863 Capital Blvd,Raleigh,NC,35.8039483,-78.6182339,,
R1332,R1332FP,Salvation Army-Rocky Mount,1000 Hunter Hill Road ,Rocky Mount,NC,35.970213,-77.817369,,
R1333,R1333FP,Salvation Army-Smithfield,306 N Brightleaf Blvd,Smithfield,NC,35.511018,-78.3379162,,
R1334,R1334FP,Samaritan's Shelf,143 Short Johnson Rd,Clayton,NC,35.6335313,-78.4921341,,
R1338,R1338FP1,Save the Family Church,5740 Aldridge Store Rd,Lagrange,NC,35.391263,-77.916204,,
R1348,R1348FP,Shiloh Christian Food Pantry,211 Durham St,Smithfield,NC,35.5055787,-78.3360179,,
R1348,R1348TF,Shiloh Christian,211 Durham Rd,Smithfield,NC,35.505669,-78.335972,,
R1349,R1349FP,Showers of Blessing Community,9759-B Cleveland Rd,Clayton,NC,35.578624,-78.460593,,
R1355,R1355FP,ST. ANN CATHOLIC CHURCH,4057 US 70 BUS,Clayton,NC,35.6424298,-78.4519522,,
R1356,R1356FP,St. Anna Freewill Baptist,11705 Old Stage Rd,Willow Springs,NC,35.593469,-78.690445,,
R1359,R1359FP,St. James Missionary Baptist,527 E Thomas St,Rocky Mount,NC,35.9424108,-77.7884303,,
R1359,R1359TF,St. James Missionary Baptist,527 East Thomas St,Rocky Mount,NC,35.9424108,-77.7884303,,
R1360,R1360FP1,St. Mark Church of Christ,700 W Ash St,Goldsboro,NC,35.3878,-78.0064,,
R1361,R1361FP,St. Mary A.M.E. Church,600 S Salem St,Apex,NC,35.724475,-78.856192,,
R1362,R1362FP,St. Paul Missionary Baptist,1151 Winstead Ave,Rocky Mount,NC,35.9835466,-77.8390012,,
R1364,R1364FP,State St. Community Church,1200 S State St,Raleigh,NC,35.764721,-78.624737,,
R1365,R1365FP,The Stone Chapel,701 S Main St,Wake Forest,NC,35.9725501,-78.5151949,,
R1367,R1367DC,Sure Promise Chritian Church,4301 Pearl Rd,Raleigh,NC,35.722104,-78.556732,,
R1369,R1369FP,Tar River Baptist Association,92 NC 56 Hwy E,Louisburg,NC,36.102478,-78.458983,,
R1370,R1370FP,Temple Emmanuel Gospel Truth,9 East 8th St,Weldon,NC,36.4220232,-77.599081,,
R1377,R1377FP,The Light of Life Ministry,517 Plaza Cir,Garner,NC,35.7041675,-78.6123506,,
R1378,R1378SK,The Original Tabernacle of Prayer,1005 S John St,Goldsboro,NC,35.3699123,-78.0007929,,
R1379,R1379FP1,The Point Care Center,1503 Walnut St,Cary,NC,35.7653484,-78.7510907,,
R1379,R1379FP3,The Point Care Center,3700 Lake Wheeler Rd,Raleigh,NC,35.7305089,-78.6833344,,
R1379,R1379FP4,The Point Care Center,304 Raleigh St,Holly Springs,NC,35.6510768,-78.8324532,,
R1380,R1380FP1,The Rising Sun Church of Christ,2021 US Hwy 401 S,Lillington,NC,35.368068,-78.80834,,
R1381,R1381FP,The Ship Outreach & Comm Cntr,105 E Lee St,Raleigh,NC,35.767223,-78.6383745,,
R1384,R1384FP,Tri-Area Ministry,149 East Holding Ave,Wake Forest,NC,35.9720918,-78.5133344,,
R1386,R1386FP,Truth Foundational Ministries,312 N Second St,Pinetops,NC,35.793655,-77.634678,,
R1389,R1389FP,TWFC Food-4-Life,296 Buck Swap Rd,Goldsboro,NC,35.411884,-78.783666,,
R1390,R1390FP,UMOJA Central SDA Church,314 Bashford Rd,Raleigh,NC,35.7823521,-78.7388891,,
R1391,R1391FP,United Community Ministries,341 McDonald St,Rocky Mount,NC,35.57489,-77.274602,,
R1393,R1393FP,United Solid Rock Faith,1020 US Hwy 158 W Business,Warrenton,NC,36.425253,-78.177319,,
R1395,R1395FP,Upper Room Church of God,3300 Idlewood Village Dr,Raleigh,NC,35.736222,-78.616961,,
R1396,R1396FP,Urban Ministries of Wake County,1390 Capital Blvd,Raleigh,NC,35.7999671,-78.6343149,,
R1397,R1397FP,Vaughn's Chapel MB Church,4966 S Elm City Rd,Elm City,NC,35.786465,-77.860688,,
R1399,R1399FP,Victory Gospel Chapel,1118 S East St,Raleigh,NC,35.7662999,-78.633016,,
R1402,R1402FP,Wake Chapel Church,3805 Tarheel Club Rd,Raleigh,NC,35.828274,-78.517983,,
R1406,R1406FP,Wallace Church of God,1173 Bay Rd,Teachey,NC,34.78201,-77.995109,,
R1410,R1410FP,Warsaw Baptist Church,209 E College St,Warsaw,NC,35.0004128,-78.0893779,,
R1416,R1416FP,Wendell United Methodist,129 N Main St,Wendell,NC,35.7832465,-78.369878,,
R1418,R1418FP,Western Wake Crisis Ministry,1600 Olive Chapel Rd. Suite 408,Apex,NC,35.7368563,-78.8897646,,
R1419,R1419FP,White Oak Foundation,1621 White Oak Church Rd,Apex,NC,35.779327,-78.919221,,
R1422,R1422FP,With Love From Jesus Ministry,421 Chapanoke Rd,Raleigh,NC,35.7359833,-78.6446309,,
R1423,R1423FP,Woods Chapel UAFWB Church,928 E New Hope Rd,Goldsboro,NC,35.381908,-77.888955,,
R1424,R1424FP,Word of Faith Ministries Food,1288 NC Hwy 11 903 N,Kenansville,NC,34.957555,-77.970156,,
R1425,R1425AS,Word of God Fellowship,3000 Rock Quarry Rd,Raleigh,NC,35.747316,-78.597078,,
R1427,R1427FP,Zebulon United Methodist,114 W Sycamore St,Zebulon,NC,35.8231011,-78.3143042,,
R1428,R1428FP,Zina Christian Center,1708 Trawick Rd. Ste 105A,Raleigh,NC,35.79913,-78.5776552,,
R1492,R1492OTH,Rex Hospital,4420 Lake Boone Trl,Raleigh,NC,35.8155481,-78.7029583,,
R1493,R1493FP,Our Lady of the Rosary Food Pantry,947 North Main St,Louisburg,NC,36.1156421,-78.2947569,,
R1503,R1503FP,Solid Rock Ministry International Inc.,502 Creech Rd,Garner,NC,35.7160144,-78.6022552,,
R1503,R1503TF,Solid Rock Ministry International Inc.,401 Creech Road,Garner,NC,35.71358,-78.602612,,
R1505,R1505FP,Christian Life Fellowship Food Pantry,3209 Gresham Lake Rd Ste 136,Raleigh,NC,35.8848681,-78.582277,,
R1506,R1506FP,NC Harm Reduction,4024 Barrett Dr Ste 101,Raleigh,NC,35.8300417,-78.6301736,,
R1509,R1509FP,Jewish Family Services,8210 Creedmoor Rd Ste 104,Raleigh,NC,35.8986408,-78.680604,,
R1510,R1510FP,North Raleigh Ministries,9650 Strickland Rd Ste 175,Raleigh,NC,35.9035435,-78.6560644,,
R1511,R1511FP,Princeton United Methodist Food Pantry,101 E 1st St,Princeton,NC,35.464647,-78.159957,,
R1512,R1512FP,Three In One Family Center,700 Stevens Mill Rd,Goldsboro,NC,35.3905496,-78.0303404,,
R1512,R1512FP4,Three In One Family Center,400 Grainger Ave,Kinston,NC,35.269481,-77.575718,,
R1513,R1513FP,Feed the Pack,2200 Hillsborough St.,Raleigh,NC,35.786771,-78.66414,,
R1514,R1514FP,REACH Our Communities-Cathedral of Love Ministries,PO Box 754,Pine Level,NC,35.5122519,-78.2445838,,
R1514,R1514TF,REACH Our Communities -,12564 W Haynes Ave,Middlesex,NC,35.779888,-78.193534,,
R1532,R1532FP,Buies Creek First Baptist Church,118 Main St PO Box 160,Buies Creek,NC,35.4075084,-78.7376635,,
R1534,R1534FP,Ties for Guys Men’s Ministry,17 Oak Alley Trl,Clayton,NC,35.6368361,-78.4161442,,
R1537,R1537FP,Johnston Central Alumni Food Pantry,PO Box 7512 ,Wilson ,NC,35.7059114,-77.9175714,,
R1538,R1538FP,Grace Christian Church,7715 Louisburg Rd,Raleigh,NC,35.8675013,-78.545652,,
R1543,R1543FP,Vision Church - MP,7369 US Hwy 301 ,Wilson,NC,35.6279522,-78.0545897,,
R1545,R1545FP,Blessings Inc./St. Paul Presbyterian Church,928 S. Main Street,Louisburg,NC,36.0903684,-78.30704,,
R1555,R1555FP,Community of Hope Center,201 Batchelor Avenue,Enfield,NC,36.182066,-77.667146,,
R1557OTH,R1557OTH,Rex Hospital-Holly Springs,850 S Main St,Holly Springs,NC,35.6429678,-78.8329876,,
R1558,R1558FP,A Gift of Love,701 S George St ,Goldsboro,NC,35.3730475,-78.0050613,,
R1559,R1559AS,Read and Feed,171-10 High House Rd.,Cary,NC,35.7890338,-78.8595707,,
R1560,R1560FP,Restoration Church and Outreach Ministries,901 Old Fairground Road,Willow Spring,NC,35.542536,-78.6008,,
R1563,R1563FP,Iglesia Tabernaculo De Restauracion,7604 Rock Quarry Rd.,Raleigh,NC,35.7448152,-78.5818604,,
R1564,R1564FP,YMCA of the Triangle-Knightdale,494 Knightdale Station Run,Knightdale,NC,35.7993854,-78.4682211,,
R1571,R1571FP,The Journey Ministry,123 SE Railroad St,Youngsville,NC,36.0243701,-78.4762575,,
R1573,R1573FP,NC Field,636 Whitfield Rd ,Mt. Olive,NC,35.205196,-78.044452,,
R1576,R1576FP,YMCA of the Triangle-Raleigh,1436 Rock Quarry Rd,Raleigh,NC,35.7613213,-78.6149122,,
R1577,R1577FP,YMCA of the Triangle-Garner,211 Aversboro Rd.,Garner,NC,35.707525,-78.6193272,,
R1581,R1581FP,Pine Ridge Baptist Church,874 Pine Ridge Rd,Zebulon,NC,35.911706,-78.240419,,
R1585,R1585FP,Springfield Baptist Church,4309 Auburn Knightdale Rd.,Raleigh,NC,35.697632,-78.542853,,
R1586,R1586FP,Open Table,824 Bloodworth St.,Raleigh,NC,35.7909539,-78.6322558,,
R1587,R1587FP,Celebration Church,8700 Captital Blvd.,Raleigh,NC,35.866924,-78.541695,,
R1591,R1591FP,Nothing But the Truth Ministry,1009 Berkeley Blvd,Goldsboro,NC,35.378682,-77.935708,,
R1593,R1593FP,Lincoln Park Holiness Church,1504 New Bern Ave,Raleigh,NC,35.7801719,-78.6169435,,
R1595,R1595FP,Concord Baptist Church,810 Walter Grissom Rd ,Kittrell,NC,36.1681583,-78.3810205,,
R1605,R1605FP,Turner Memorial Baptist Church,3704 Benson Rd.,Garner,NC,35.6697913,-78.6044162,,
R1606,R1606FP,Compass Christian Church,5309 Umstead Rd.,Fuquay-Varina,NC,35.630328,-78.720277,,
R1607,R1607FP,The Help Center NC -Raleigh,150 Fayetteville St. Suite 300,Raleigh,NC,35.7786679,-78.6396987,,
R1608,R1608FP,Joyful Hope Station,1136 S Church St,Rocky Mount,NC,35.9297751,-77.8024883,,
R1609,R1609FP,Franklin County Interfaith Council- Allen Chapel,693 T K Allen Rd,Louisburg,NC,36.139266,-78.260235,,
R1609,R1609FP2,FCIC- Tar River Cowboy Church,1308 NC Hwy 98,Louisburg,NC,35.962141,-78.290835,,
R1610,R1610FP,Pantry of H.O.P.E.,3331 NC 39,Louisburg,NC,36.143568,-78.294109,,
R1612,R1612SK,Grace A.M.E Church,1401 Boyer St.,Raleigh,NC,35.781166,-78.617463,,
R1613,R1613FP,Saint James Christian Church Disciples of Christ,"1739 Martin Luther King, Jr. Pkwy ",Wilson,NC,35.702057,-77.874479,,
R1614,R1614FP,Olive Grove Missionary Baptist Church,915 Eaton Ferry Rd,Littleton,NC,36.46652,-77.987239,,
S1005,S1005DD,Avery's Chapel Church,1110 Loop Rd,Raeford,NC,35.038161,-79.39094,,
S1005,S1005FP,Avery's Chapel FWB Church,1110 Loop Rd Phys,Raeford,NC,35.003322,-79.23398,,
S1008,S1008GH,"Bethesda, Inc",204 N Pine St,Aberdeen,NC,35.1319324,-79.424587,,
S1009,S1009FP,Blue Angel Outreach,5 American Legion Ln,Pinehurst,NC,35.174414,-79.469915,,
S1009,S1009TF,Blue Angel Outreach,5 American Legion Lane,Pinehurst,NC,35.174414,-79.469915,,
S1013,S1013GH1,Cameron Boys Camp,255 Cameron Camp Rd,Cameron,NC,35.285136,-79.223249,,
S1013,S1013GH2,Camp Duncan: Cameron Girls Baptist Children's Home,676 Hight Rd,Aberdeen,NC,35.1071277,-79.41018,,
S1014,S1014FP,Carthage United Methodist,108 Bruce St,Carthage,NC,35.3408381,-79.4068469,,
S1014,S1014TF,Carthage United Methodist,108 Bruce Street ,Carthage,NC,35.3408381,-79.4068469,,
S1015,S1015FP,Christ Memorial Church,1110 E Washington St,Rockingham,NC,34.9413096,-79.7591357,,
S1015,S1015TF,Christ Memorial Church,1110 E. Washington Street,Rockingham,NC,34.9413096,-79.7591357,,
S1016,S1016FP,Christian Mission Center,703 Monroe St,Carthage,NC,35.3413795,-79.4080353,,
S1017,S1017FP,Church Community Services,108 Gill St,Laurinburg,NC,34.7777976,-79.4629354,,
S1019,S1019SK,You Can Learn Center,552 Green Lake Rd,Rockingham,NC,35.015584,-79.725165,,
S1031,S1031FP,Eagle Springs Baptist Church,460 Eagle Springs Rd,Eagle Springs,NC,35.2907216,-79.6468755,,
S1032,S1032FP,Faith Assembly Church,148 Daniels St,Hamlet,NC,34.903597,-79.693362,,
S1041,S1041FP,Friendship One Accord,16221 Zion Rd,Marston,NC,34.925531,-79.447838,,
S1044,S1044FP,Helping Hands of Hamlet,609 Cheraw Rd,Hamlet,NC,34.8808074,-79.7223752,,
S1044,S1044TF,Helping Hands of Hamlet,609 Cheraw Road,Rockingham,NC,34.909421,-79.810009,,
S1045,S1045FP,High Falls United Methodist,324 Frieson Rd,Highfalls,NC,35.480841,-79.517885,,
S1049,S1049FP,Jesus Is Justice Mission Inc,469 Mills Rd,East Rockingham,NC,35.276081,-78.115269,,
S1050,S1050FP,King's Gate International,161 Sierra Ave,Hamlet,NC,34.910811,-79.718838,,
S1051,S1051FP,Laurinburg Hope in Christ,11141 Turnpike Rd,Laurinburg,NC,34.737147,-79.498935,,
S1053,S1053GH,Linden Lodge Foundation Inc,2251 Linden Rd,Aberdeen,NC,35.193312,-79.486092,,
S1055,S1055FP,Mineral Springs Improvement,122 Railroad St,Ellerbe,NC,35.0669297,-79.760323,,
S1057,S1057GH10,Monarch- Pence Place,295 Airport Rd,Rockingham,NC,34.89987,-79.761165,,
S1057,S1057GH11,Monarch - Richmond Adult Group,190 E Church St,Ellerbe,NC,35.072911,-79.765996,,
S1057,S1057GH3,Monarch- Connecticut,335 W Connecticut Ave,Southern Pines,NC,35.1781211,-79.3917173,,
S1057,S1057GH4,Monarch- Pennsylvania Home,340 E Pennsylvania Ave,Southern Pines,NC,35.1710603,-79.389577,,
S1057,S1057GH5,Monarch- Oak Drive Home,185 Oak Dr,Southern Pines,NC,35.2102891,-79.3884647,,
S1057,S1057GH7,Monarch- Charlotte Street,113 Charlotte St,Hamlet,NC,34.8860753,-79.6986433,,
S1057,S1057GH8,Monarch- Middleton Home,340 N Middleton St,Robbins,NC,35.4381082,-79.5848883,,
S1057,S1057GH9,Monarch- Green St Home,250 S Green St,Robbins,NC,35.427508,-79.575677,,
S1058,S1058FP,Montgomery Churches in Action,203 Church St,Biscoe,NC,35.3587506,-79.7787462,,
S1059,S1059FP,Mt. Zion UCC/Rockingham,986 Ledbetter Rd,Rockingham,NC,35.011833,-79.6726,,
S1063,S1063FP,New Zion Ame Zion Church,4967 Hwy 705,Robbins,NC,35.454261,-79.603404,,
S1065,S1065FP1,Our Daily Bread Christian Food,108 S Randolph St,Rockingham,NC,34.9394413,-79.7711376,,
S1065,S1065TF,Our Daily Bread Christian Food,108 S Randolph Street,Rockingham,NC,34.9394413,-79.7711376,,
S1066,S1066FP,Outreach for Jesus,440 Battley Dairy Rd,Hamlet,NC,34.876044,-79.7415877,,
S1068,S1068FP,Pinebluff United Methodist Church,165 W Philadephia Ave,Pinebluff,NC,35.100733,-79.466296,,
S1070,S1070FP,Prayer and Faith Temple Church,217 Lackey St,Hamlet,NC,34.8811066,-79.702906,,
S1072,S1072FP,Restoring Hope Center,507 Warren St,Laurinburg,NC,34.789214,-79.450026,,
S1072,S1072TF,Restoring Hope Center,507 Warren Street,Laurinburg,NC,35.038575,-78.845838,,
S1074,S1074FP,Robbins Area Christian,120 S Middleton St,Robbins,NC,35.4336099,-79.5871681,,
S1075,S1075AS,Partners In Ministry,12th 3rd Street,Laurinburg,NC,34.770601,-79.452226,,
S1078,S1078FP,Salvation Army of Lee County,507 N Steele St,Sanford,NC,35.4858387,-79.1835788,,
S1078,S1078SK,Salvation Army of Lee County,219 Maple Avenue,Sanford,NC,35.4799729,-79.1723667,,
S1079,S1079FP,Sandhills Moore Coalition,1500 W Indiana Ave,Southern Pines,NC,35.186566,-79.409659,,
S1080,S1080DC1,Sandhills Children's Center,1280 Central Dr,Southern Pines,NC,35.210123,-79.3923108,,
S1080,S1080DC2,Sandhills Children's Center,108 Crow Run,Rockingham,NC,34.9341654,-79.7520753,,
S1082,S1082FP,Sandhills UCC,321 Keyser St,Aberdeen,NC,35.1257743,-79.4230446,,
S1086,S1086OTP,Meals on Wheels ,1975 Juniper Lake Road Unit A1,West End,NC,35.2138555,-79.5090981,,
S1086,S1086SOF,SNAK PAK PALS,"1975 Juniper Lake Road, Unit A1",West End,NC,35.2138555,-79.5090981,,
S1087,S1087FP,Southern Mission Ministries,267 Blues Bridge Rd,Hoffman,NC,35.0300106,-79.5363184,,
S1088,S1088FP,Southern Pines UMC,175 Midland Rd,Southern Pines,NC,35.1975583,-79.4148913,,
S1090,S1090FP,St. Anthony's  Catholic Church,320 N. Ashe Street,Southern Pines,NC,35.1744786,-79.3880457,,
S1091,S1091FP,St. John's Emergency Food,7700 Hwy 79 ,Gibson,NC,34.765404,-79.574269,,
S1092,S1092FP,Saint Luke United Methodist,1501 Turnpike Rd,Laurinburg,NC,34.737147,-79.498935,,
S1093,S1093FP,St. Paul Lutheran,311 Marlboro St,Hamlet,NC,34.8916488,-79.7034397,,
S1095,S1095FP,Tabernacle Full Gospel,328 Airport Rd,Rockingham,NC,34.89987,-79.761165,,
S1096,S1096FP,The Worship Center,150 Eastman Rd #1A,Southern Pines,NC,35.190766,-79.408318,,
S1097,S1097FP,Unionville Missionary Baptist,19400 Blakley Rd,Laurinburg,NC,34.827359,-79.39421,,
S1100,S1100FP,Wesleyan Methodist Church,3119 Brenda Ln,Spies,NC,35.424151,-79.68395,,
S1101,S1101FP,West End United Methodist,4015 NC Hwy 73,West End,NC,35.240462,-79.564699,,
S1113,S1113FP,Vass Community Food Pantry,3450 US Business Hwy 1,Vass,NC,35.256866,-79.283022,,
S1113,S1113TF,Vass Community Food Pantry,3450 US Hwy 1,Vass,NC,35.2531115,-79.2716688,,
S1114,S1114SP,Central Carolina Community College ,1105 Kelly Dr Wilkinson Building,Sanford,NC,35.488052,-79.20353,,
S1115,S1115SH1,Outreach Mission Inc. Men's Shelter,705 Chatham St,Sanford,NC,35.4741125,-79.1709744,,
S1115,S1115SH2,Outreach Mission Inc. Women's Shelter,507 Third St,Sanford,NC,35.477025,-79.17027,,
S1116,S1116FP,Place of Grace,252 School St,Rockingham,NC,34.9168137,-79.7656229,,
S1120,S1120FP,Gift of Love Food Pantry,9460 Andrew Jackson Hwy,Laurel Hill,NC,34.8087201,-79.5489935,,
W1001,W1001FP,Believers Home Fellowship,212 Faith Cir,Tabor City,NC,34.268285,-77.81009,,
W1003,W1003FP,Bogue Community Citizens,1036 Jockey Rd,Hallsboro,NC,34.312939,-78.609136,,
W1004,W1004SOF1,Bread for Life ,108 N Kerr Ave Suite K1,Wilmington,NC,34.2441764,-77.8884381,,
W1004,W1004SOF2,Bread For Life,1308 N 5th Ave,Wilmington,NC,34.246582,-77.944698,,
W1007,W1007FP1,Brunswick Family Assistance,929 Old Ocean Hwy,Bolivia,NC,34.064441,-78.150684,,
W1007,W1007FP2,Brunswick Family Assistance,324-I Village Rd,Leland,NC,34.255612,-78.0433385,,
W1008,W1008FP,Brunswick Islands Baptist Church ,1672 Mt Pisgah Rd,Supply,NC,33.951723,-78.310809,,
W1009,W1009SOF1,Brunswick Senior Resources,3620 Express Dr,Shallotte,NC,34.195478,-77.928737,,
W1009,W1009SOF3,Brunswick Senior Resources,121 Town Hall Dr,Leland,NC,34.2388468,-78.008485,,
W1010,W1010FP1,Gateway Community Church,416 W Bridger St,Burgaw,NC,33.977894,-78.388958,,
W1013,W1013SP,Wesleyan Chapel UMC,10255 US Hwy 17,Wilmington,NC,34.2662089,-77.8250092,,
W1016,W1016FP,Catholic Charities,4280 US Highway 421 N. Suite 110,Wilmington,NC,34.313098,-77.986019,,
W1019,W1019SH,Coastal Horizons,615 Shipyard Blvd,Wilmington,NC,34.1917297,-77.9318664,,
W1020,W1020AS1,Communities in Schools of Cape Fear,500 S Wright St ,Burgaw,NC,34.546539,-77.9249239,,
W1020,W1020AS2,CIS 21st CCLC Cape Fear Middle ,1886 NC-133,Rocky Point,NC,34.4060361,-77.9165027,,
W1020,W1020AS3,CIS 21st CCLC Heidi Trask High School ,14328 NC-210,Rocky Point ,NC,34.4340614,-77.8904588,,
W1020,W1020AS4,CIS 21st CCLC Pender High School ,5380 NC-53,Burgaw,NC,34.545847,-77.948273,,
W1021,W1021AS,Boys & Girls Clubs of Southeastern NC ,901 Nixon St,Wilmington,NC,34.249711,-77.939519,,
W1022,W1022FP,Countywide CDC,1183 Old Mill Rd,Navassa,NC,34.2564965,-78.0269178,,
W1028,W1028AS,Easter Seals UCP NC & VA,4827 Randall Pkwy,Wilmington,NC,34.2323928,-77.8828699,,
W1029,W1029FP,Facts of Life Church ,24678 Peacock Rd,Tabor City,NC,34.112382,-78.806318,,
W1029,W1029SK,Facts of Life Church ,506 N Lee St,Whiteville,NC,34.3357727,-78.7061257,,
W1030,W1030DC,Farmers Union Developmental Daycare,905 Farmers Union Rd,Clarkton,NC,34.412279,-78.62444,,
W1031,W1031SK,First Baptist Church Carolina Beach,409 N Lake Park Blvd,Carolina Beach,NC,34.0369365,-77.8937046,,
W1032,W1032FP,Lake Waccamaw Food Ministry,300 Sam Potts Hwy,Lake Waccamaw,NC,34.3221255,-78.5272233,,
W1033,W1033FP,First Baptist Church of Leland,517 Village Rd,Leland,NC,34.255612,-78.0433385,,
W1034,W1034FP,First Fruit Ministries,2750 Vance St,Wilmington,NC,34.188689,-77.9404324,,
W1035,W1035FP,First in Families,5041 New Centre Dr Ste 100,Wilmington,NC,34.2394229,-77.8767504,,
W1036,W1036FP,Good Shepherd Center,811 Martin St,Wilmington,NC,34.2185296,-77.9370291,,
W1036,W1036GH,Ashley Center,2002 Colwell St,Wilmington,NC,34.227816,-77.922149,,
W1038,W1038BP,Harvest Table,First Baptist Church,Whiteville,NC,34.334469,-78.698576,,
W1038,W1038FP,Harvest Table,211 E Columbus St,Whiteville,NC,34.3264533,-78.7006634,,
W1039,W1039FP,Helping Hands,4849 Castle Hayne Rd,Castle Hayne,NC,34.339874,-77.9075701,,
W1040,W1040FP,Hills Chapel Missionary,2521 Little Kelly Rd,Rocky Point,NC,34.464463,-77.951676,,
W1041,W1041FP,House of Mercy Outreach,4702 S College Rd,Wilmington,NC,34.1559935,-77.8921828,,
W1042,W1042FP,Inspirational House of Praise,1005 Village Rd,Leland,NC,34.255612,-78.0433385,,
W1049,W1049FP,Lifesavers Outreach,415 W Walter St,Whiteville,NC,34.3233843,-78.7095841,,
W1050,W1050GH,LINC Inc,222 Division Dr,Wilmington,NC,34.263499,-77.926071,,
W1051,W1051FP,Living Word Church,98 Old Chadbourn Hwy,Chadbourn,NC,34.327883,-78.789245,,
W1052,W1052FP,Livingstones Tabernacle,127 Sloop Point Loop Rd,Hampstead,NC,34.412639,-77.651259,,
W1053,W1053FP,Love of Christ Ministries,4308 Bus 17 NE,Bolivia,NC,34.077633,-78.140588,,
W1054,W1054BP1,BP - Matthew's Ministry,8500 E Oak Island Dr,Oak Island,NC,33.90886,-78.079714,,
W1055,W1055FP1,Men and Women United for,1795 Woodyard Rd,Reigelwood,NC,34.377498,-78.291123,,
W1056,W1056FP,Mother Hubbard's Cupboard,315 Red Cross St,Wilmington,NC,34.2413561,-77.9458273,,
W1057,W1057FP,Mt. Olive AME Church - Helping,1001 S 7th St,Wilmington,NC,34.223267,-77.939059,,
W1065,W1065BP1,Nourish NC,3606 Market Street ,Wilmington,NC,34.240665,-77.9015865,,
W1067,W1067SON,"Pender Adult Services, Inc.",901 S Walker St,Burgaw,NC,34.543101,-77.912801,,
W1068,W1068BP1,Pender County Christian Services ,400 N Wright St,Burgaw,NC,34.55567,-77.928269,,
W1068,W1068BP2,Pender County Christian Services,Jordan Chapel Methodist,Burgaw,NC,34.504484,-77.884666,,
W1068,W1068BP3,Pender County Christian Services ,Rocky Point UMC,Rocky Point,NC,34.428319,-77.878132,,
W1068,W1068BP4,Pender County Christian Services,Westview UMC,Burgaw,NC,34.605723,-77.893596,,
W1068,W1068BP5,Pender County Christian Services,Watha UMC,Watha,NC,34.640466,-77.96106,,
W1068,W1068BP6,Pender County Christian Services,1730 US Hwy 117,Burgaw,NC,34.5293119,-77.9058423,,
W1068,W1068FP,Pender County Christian Services,210 W Fremont St,Burgaw,NC,34.5493279,-77.9284921,,
W1068,W1068FP1,Pender County Christian Services ,205 Progress Dr,Burgaw,NC,34.540234,-77.9189249,,
W1068,W1068TF,Pender County Christian Services,1195 HWY 11,Willard,NC,34.641115,-78.089469,,
W1070,W1070GH,PORT Health Services,416 Walnut St,Wilmington,NC,34.2401639,-77.9449171,,
W1072,W1072FP,Salvation and Deliverance Family Worship Center,4402 NW Rd,Leland,NC,34.244802,-78.120908,,
W1073,W1073FP,Salvation Army - Wilmington,20 N 4th Street Suite 300,Wilmington,NC,34.2363809,-77.9444304,,
W1079,W1079BP2,BP- Share the Table Inc,16700 US Hwy 17,Hampstead,NC,34.381669,-77.694601,,
W1079,W1079FP,Share the Table Inc,12395 Hwy 50,Hampstead,NC,34.464396,-77.56097,,
W1080,W1080FP,Shoreline Baptist Church ,4198 Vanessa Dr,Southport,NC,33.928757,-78.067981,,
W1081,W1081FP,Sonrise Independent Baptist,8375 River Rd,Southport,NC,33.92387,-78.006413,,
W1082,W1082FP,South Brunswick Inter-Church,3610 Express Dr,Shallotte,NC,34.195478,-77.928737,,
W1083,W1083FP,Southport Oak Island InterChur,249 W Boiling Spring Rd,Boiling Spring Lakes,NC,34.0282189,-78.0685646,,
W1084,W1084FP,St. Brendans Church,5101 Ocean Hwy W,Shallotte,NC,33.9558708,-78.4315561,,
W1085,W1085FP,St. Joseph Parish Outreach,1303 Hwy 117 S,Burgaw,NC,34.536464,-77.907419,,
W1086,W1086FP,St. Jude's Metropolitan,19 N 26th St,Wilmington,NC,34.2396063,-77.9136245,,
W1087,W1087FP,St. Mary Missionary Baptist,6401 Ocean Hwy E,Winnabow,NC,34.14466,-78.093843,,
W1088,W1088FP,St. Paul A.M.E. Zion Church,507 Money Hole Rd,Bolton,NC,34.320544,-78.269605,,
W1089,W1089SK,St. Peter The Fisherman Church,314 S Carolina Ave,Wilmington,NC,34.2085596,-77.9465199,,
W1091,W1091FP,Straightway Ministries,3705 US Hwy 421 N,Wilmington,NC,34.1541527,-77.908157,,
W1092,W1092SOF,Temple of Israel - Weekend,922 Market St,Wilmington,NC,34.2360981,-77.9376773,,
W1093,W1093FP,The Help Center of Federal,7 N 3rd St,Carolina Beach,NC,34.0342198,-77.8961503,,
W1097,W1097FP,The Sister Isaac Center,412 Ann St,Wilmington,NC,34.2318434,-77.9439634,,
W1098,W1098FP,Towncreek Vision Corporation,215 Sunnybrook Way Rd,Leland,NC,34.083999,-78.021277,,
W1100,W1100FP,Trinity Missionary Baptist,883 Holden Beach Rd,Shallotte,NC,33.9687839,-78.3309932,,
W1103,W1103FP1,Union Missionary Baptist,2711 Princess Pl Dr,Wilmington,NC,34.2438416,-77.9119135,,
W1103,W1103TF,Union Missionary Baptist Church,2711 Princess Place Dr,Wilmington,NC,34.2438416,-77.9119135,,
W1104,W1104FP,Victory Independent,516 Varnamtown Rd,Supply,NC,33.941169,-78.248972,,
W1108,W1108SOF,Weekend Meals on Wheels,5102 Oleander Dr,Wilmington,NC,34.2084101,-77.8690436,,
W1111,W1111OTH,Wilmington Preparatory Academy,134 Cinema Dr,Wilmington,NC,34.239064,-77.89191,,
W1112,W1112OTH,Wlmgtn Demonstration Kitchen,1314 Marstellar St,Wilmington,NC,34.2214743,-77.9301963,,
W1113,W1113FP,Wrightsboro United Methodist,3300 N Kerr Ave,Wilmington,NC,34.2597118,-77.8878785,,
W1114,W1114OTH,YWCA - Grandparents Support,125 S Third St,Wilmington,NC,34.233646,-77.945701,,
W1131,W1131FP,Christian Community Caring Center ,15200 US Hwy 17 ,Hampstead,NC,34.370926,-77.706827,,
W1133,W1133FP,Cornerstone Baptist Church,1638 Lanvale Rd,Leland,NC,34.2376941,-78.0558004,,
W1135,W1135FP,Lighthouse Shining Ministries,6622 Carolina Beach Rd,Wilmington,NC,34.156182,-77.909099,,
W1136,W1136FP,Iglesia Vision 3D ,359 Mercer Ave,Wilmington,NC,34.2333242,-77.9056784,,
W1137,W1137FP,"The A.C.T.S. Movement, Inc. ",1019 Meares St,Wilmington,NC,34.222525,-77.934919,,
W1138,W1138FP,Saint Luke AME Zion Church,709 Church St,Wilmington,NC,34.2298538,-77.939162,,
W1140,W1140FP,Novant Health New Hanover Regional Medical Center ,2131 S 17th St,Wilmington ,NC,34.2050891,-77.9210562,,
W1143,W1143FP,Beach Christian Recovery,1198 B Riverview Dr,Calabash,NC,33.900442,-78.560656,,
W1144,W1144FP,CR Resource Center Inc. ,107 Mt. Zion St,Lake Waccamaw,NC,34.322073,-78.51573,,
W1147,W1147FP,Liberty Baptist Church of Wilmington,7957 Market St,Wilmington,NC,34.2662089,-77.8250092,,
W1152,W1152DV,Domestic Violence Shelter & Services,Confidential ,Wilmington,NC,34.263182,-77.86638,,
W1160,W1160DD,"The Healing Place of New Hanover County, Inc. ",1000 Medical Center Drive,Wilmington,NC,34.198938,-77.931366,,
